"Lorem ipsum dolor sit amet consectetur adipisicing elit. Eos cumque alias, laborum, ex facere accusantium distinctio minima provident praesentium molestias suscipit quasi numquam architecto molestiae nisi! Suscipit officia a ipsam.
                Lorem ipsum dolor sit amet consectetur adipisicing elit. Eos cumque alias, laborum, ex facere accusantium distinctio minima provident praesentium molestias suscipit quasi numquam architecto molestiae nisi! Suscipit officia a ipsam.Lorem ipsum dolor sit amet consectetur adipisicing elit. Eos cumque alias, laborum, ex facere accusantium distinctio minima provident praesentium molestias suscipit quasi numquam architecto molestiae nisi! Suscipit officia a ipsam.Lorem ipsum dolor sit amet consectetur adipisicing elit. Eos cumque alias, laborum, ex facere accusantium distinctio minima provident praesentium molestias suscipit quasi numquam architecto molestiae nisi! Suscipit officia a ipsam.Lorem ipsum dolor sit amet consectetur adipisicing elit. Eos cumque alias, laborum, ex facere accusantium distinctio minima provident praesentium molestias suscipit quasi numquam architecto molestiae nisi! Suscipit officia a ipsam.Lorem ipsum dolor sit amet consectetur adipisicing elit. Eos cumque alias, laborum, ex facere accusantium distinctio minima provident praesentium molestias suscipit quasi numquam architecto molestiae nisi! Suscipit officia a ipsam.Lorem ipsum dolor sit amet consectetur adipisicing elit. Eos cumque alias, laborum, ex facere accusantium distinctio minima provident praesentium molestias suscipit quasi numquam architecto molestiae nisi! Suscipit officia a ipsam.Lorem ipsum dolor sit amet consectetur adipisicing elit. Eos cumque alias, laborum, ex facere accusantium distinctio minima provident praesentium molestias suscipit quasi numquam architecto molestiae nisi! Suscipit officia a ipsam.","Jane Doe","../dgn-contants\dgn-uploads\image\mark 1.png"
"Lorem ipsum dolor sit amet consectetur adipisicing elit. Eos cumque alias, laborum, ex facere accusantium distinctio minima provident praesentium molestias suscipit quasi numquam architecto molestiae nisi! Suscipit officia a ipsam.
                Lorem ipsum dolor sit amet consectetur adipisicing elit. Eos cumque alias, laborum, ex facere accusantium distinctio minima provident praesentium molestias suscipit quasi numquam architecto molestiae nisi! Suscipit officia a ipsam.Lorem ipsum dolor sit amet consectetur adipisicing elit. Eos cumque alias, laborum, ex facere accusantium distinctio minima provident praesentium molestias suscipit quasi numquam architecto molestiae nisi! Suscipit officia a ipsam.Lorem ipsum dolor sit amet consectetur adipisicing elit. Eos cumque alias, laborum, ex facere accusantium distinctio minima provident praesentium molestias suscipit quasi numquam architecto molestiae nisi! Suscipit officia a ipsam.Lorem ipsum dolor sit amet consectetur adipisicing elit. Eos cumque alias, laborum, ex facere accusantium distinctio minima provident praesentium molestias suscipit quasi numquam architecto molestiae nisi! Suscipit officia a ipsam.Lorem ipsum dolor sit amet consectetur adipisicing elit. Eos cumque alias, laborum, ex facere accusantium distinctio minima provident praesentium molestias suscipit quasi numquam architecto molestiae nisi! Suscipit officia a ipsam.Lorem ipsum dolor sit amet consectetur adipisicing elit. Eos cumque alias, laborum, ex facere accusantium distinctio minima provident praesentium molestias suscipit quasi numquam architecto molestiae nisi! Suscipit officia a ipsam.Lorem ipsum dolor sit amet consectetur adipisicing elit. Eos cumque alias, laborum, ex facere accusantium distinctio minima provident praesentium molestias suscipit quasi numquam architecto molestiae nisi! Suscipit officia a ipsam.",Sammy
"Lorem ipsum dolor sit amet consectetur adipisicing elit. Eos cumque alias, laborum, ex facere accusantium distinctio minima provident praesentium molestias suscipit quasi numquam architecto molestiae nisi! Suscipit officia a ipsam.
                Lorem ipsum dolor sit amet consectetur adipisicing elit. Eos cumque alias, laborum, ex facere accusantium distinctio minima provident praesentium molestias suscipit quasi numquam architecto molestiae nisi! Suscipit officia a ipsam.Lorem ipsum dolor sit amet consectetur adipisicing elit. Eos cumque alias, laborum, ex facere accusantium distinctio minima provident praesentium molestias suscipit quasi numquam architecto molestiae nisi! Suscipit officia a ipsam.Lorem ipsum dolor sit amet consectetur adipisicing elit. Eos cumque alias, laborum, ex facere accusantium distinctio minima provident praesentium molestias suscipit quasi numquam architecto molestiae nisi! Suscipit officia a ipsam.Lorem ipsum dolor sit amet consectetur adipisicing elit. Eos cumque alias, laborum, ex facere accusantium distinctio minima provident praesentium molestias suscipit quasi numquam architecto molestiae nisi! Suscipit officia a ipsam.Lorem ipsum dolor sit amet consectetur adipisicing elit. Eos cumque alias, laborum, ex facere accusantium distinctio minima provident praesentium molestias suscipit quasi numquam architecto molestiae nisi! Suscipit officia a ipsam.Lorem ipsum dolor sit amet consectetur adipisicing elit. Eos cumque alias, laborum, ex facere accusantium distinctio minima provident praesentium molestias suscipit quasi numquam architecto molestiae nisi! Suscipit officia a ipsam.Lorem ipsum dolor sit amet consectetur adipisicing elit. Eos cumque alias, laborum, ex facere accusantium distinctio minima provident praesentium molestias suscipit quasi numquam architecto molestiae nisi! Suscipit officia a ipsam.",Mack
"Lorem ipsum dolor sit amet consectetur adipisicing elit. Eos cumque alias, laborum, ex facere accusantium distinctio minima provident praesentium molestias suscipit quasi numquam architecto molestiae nisi! Suscipit officia a ipsam.
                Lorem ipsum dolor sit amet consectetur adipisicing elit. Eos cumque alias, laborum, ex facere accusantium distinctio minima provident praesentium molestias suscipit quasi numquam architecto molestiae nisi! Suscipit officia a ipsam.Lorem ipsum dolor sit amet consectetur adipisicing elit. Eos cumque alias, laborum, ex facere accusantium distinctio minima provident praesentium molestias suscipit quasi numquam architecto molestiae nisi! Suscipit officia a ipsam.Lorem ipsum dolor sit amet consectetur adipisicing elit. Eos cumque alias, laborum, ex facere accusantium distinctio minima provident praesentium molestias suscipit quasi numquam architecto molestiae nisi! Suscipit officia a ipsam.Lorem ipsum dolor sit amet consectetur adipisicing elit. Eos cumque alias, laborum, ex facere accusantium distinctio minima provident praesentium molestias suscipit quasi numquam architecto molestiae nisi! Suscipit officia a ipsam.Lorem ipsum dolor sit amet consectetur adipisicing elit. Eos cumque alias, laborum, ex facere accusantium distinctio minima provident praesentium molestias suscipit quasi numquam architecto molestiae nisi! Suscipit officia a ipsam.Lorem ipsum dolor sit amet consectetur adipisicing elit. Eos cumque alias, laborum, ex facere accusantium distinctio minima provident praesentium molestias suscipit quasi numquam architecto molestiae nisi! Suscipit officia a ipsam.Lorem ipsum dolor sit amet consectetur adipisicing elit. Eos cumque alias, laborum, ex facere accusantium distinctio minima provident praesentium molestias suscipit quasi numquam architecto molestiae nisi! Suscipit officia a ipsam.",James
"Lorem ipsum dolor sit amet consectetur adipisicing elit. Eos cumque alias, laborum, ex facere accusantium distinctio minima provident praesentium molestias suscipit quasi numquam architecto molestiae nisi! Suscipit officia a ipsam.
                Lorem ipsum dolor sit amet consectetur adipisicing elit. Eos cumque alias, laborum, ex facere accusantium distinctio minima provident praesentium molestias suscipit quasi numquam architecto molestiae nisi! Suscipit officia a ipsam.Lorem ipsum dolor sit amet consectetur adipisicing elit. Eos cumque alias, laborum, ex facere accusantium distinctio minima provident praesentium molestias suscipit quasi numquam architecto molestiae nisi! Suscipit officia a ipsam.Lorem ipsum dolor sit amet consectetur adipisicing elit. Eos cumque alias, laborum, ex facere accusantium distinctio minima provident praesentium molestias suscipit quasi numquam architecto molestiae nisi! Suscipit officia a ipsam.Lorem ipsum dolor sit amet consectetur adipisicing elit. Eos cumque alias, laborum, ex facere accusantium distinctio minima provident praesentium molestias suscipit quasi numquam architecto molestiae nisi! Suscipit officia a ipsam.Lorem ipsum dolor sit amet consectetur adipisicing elit. Eos cumque alias, laborum, ex facere accusantium distinctio minima provident praesentium molestias suscipit quasi numquam architecto molestiae nisi! Suscipit officia a ipsam.Lorem ipsum dolor sit amet consectetur adipisicing elit. Eos cumque alias, laborum, ex facere accusantium distinctio minima provident praesentium molestias suscipit quasi numquam architecto molestiae nisi! Suscipit officia a ipsam.Lorem ipsum dolor sit amet consectetur adipisicing elit. Eos cumque alias, laborum, ex facere accusantium distinctio minima provident praesentium molestias suscipit quasi numquam architecto molestiae nisi! Suscipit officia a ipsam.",Bobby
